track_id,track_name,artist,artist_id,album,album_id,album_releasedate,track_popularity,duration,danceability,energy,key,loudness,mode,speechiness,acousticness,instrumentalness,liveness,valence,tempo,artist_genres,artist_popularity,playlist_id,playlist_name,playlist_owner,playlist_owner_id,duration_min,translated_key,year_released
3AJwUDP919kvQ9QcozQPxg,Yellow,Coldplay,4gzpq5DPGxSnKTe4SA8HAU,Parachutes,6ZG5lRT77aJ3btmArcykra,2000-07-10,90,266773,0.429,0.661,11,-7.227,1,0.0281,0.00239,0.000121,0.234,0.285,173.372,permanent wave | pop,88,2N9pjdn0Bpl39UzB7WqQHZ,Test Playlist,Quoc-Anh Duong,1214868237,4.45,B,2000
1DIXPcTDzTj8ZMHt3PDt8p,Gangsta's Paradise,Coolio,3y24n3XhZ96wgwRXjvS17T,Gangsta's Paradise,0BJYNipGyMrw4ngKDJXzXZ,1995-11-07,86,240693,0.647,0.514,8,-10.05,1,0.0593,0.0655,0.0,0.398,0.386,79.975,g funk | gangster rap | hip hop | west coast rap,68,2N9pjdn0Bpl39UzB7WqQHZ,Test Playlist,Quoc-Anh Duong,1214868237,4.01,G#,1995
0F7FA14euOIX8KcbEturGH,Old Town Road,Lil Nas X,7jVv8c5Fj3E9VhNjxT4snq,7 EP,4IRiXE5NROxknUSAUSjMoO,2019-06-21,74,113000,0.907,0.53,1,-6.112,1,0.127,0.0578,2.23e-06,0.101,0.507,135.998,lgbtq+ hip hop,76,2N9pjdn0Bpl39UzB7WqQHZ,Test Playlist,Quoc-Anh Duong,1214868237,1.88,C#,2019
1DfGPEHxTYeaJpiNA4xUb5,Für Elise,Ludwig van Beethoven,2wOqMjp9TyABvtHdOSOTUS,Classical Best Of,1SkmA5emGHKMJva7baN4lq,2009-03-01,59,173000,0.25,0.0163,9,-36.423,0,0.0442,0.995,0.899,0.0767,0.306,144.193,classical | classical era | early romantic era | german romanticism,72,2N9pjdn0Bpl39UzB7WqQHZ,Test Playlist,Quoc-Anh Duong,1214868237,2.88,Am,2009
0VjIjW4GlUZAMYd2vXMi3b,Blinding Lights,The Weeknd,1Xyo4u8uXC1ZmMpatF05PJ,After Hours,4yP0hdKOZPNshxUOjY0cZj,2020-03-20,91,200040,0.514,0.73,1,-5.934,1,0.0598,0.00146,9.54e-05,0.0897,0.334,171.005,canadian contemporary r&b | canadian pop | pop,95,2N9pjdn0Bpl39UzB7WqQHZ,Test Playlist,Quoc-Anh Duong,1214868237,3.33,C#,2020
47BBI51FKFwOMlIiX6m8ya,I Want It That Way,Backstreet Boys,5rSXSAkZ67PYJSvpUpkOr7,Millennium,5ySxm9hxBNss01WCL7GLyQ,1999-05-18,83,213306,0.689,0.694,6,-5.83,0,0.027,0.257,0.0,0.148,0.482,99.039,boy band | dance pop | pop,75,2N9pjdn0Bpl39UzB7WqQHZ,Test Playlist,Quoc-Anh Duong,1214868237,3.56,F#m,1999
7FbrGaHYVDmfr7KoLIZnQ7,Cupid - Twin Ver.,FIFTY FIFTY,4GJ6xDCF5jaUqD6avOuQT6,The Beginning: Cupid,5letLUZIFsQikJYShfGNs4,2023-02-24,76,174253,0.783,0.592,11,-8.332,0,0.0331,0.435,4.15e-06,0.347,0.726,120.018,k-pop girl group,68,2N9pjdn0Bpl39UzB7WqQHZ,Test Playlist,Quoc-Anh Duong,1214868237,2.9,Bm,2023
6gpcs5eMhJwax4mIfKDYQk,Slide (feat. Frank Ocean & Migos),Calvin Harris,7CajNmpbOovFoOoasH2HaY,Slide (feat. Frank Ocean & Migos),1UIlzhqJLiA3f6OVw7QKn6,2017-02-24,71,230813,0.736,0.795,1,-3.299,0,0.0545,0.498,1.21e-06,0.254,0.511,104.066,dance pop | edm | electro house | house | pop | pop dance | progressive house | uk dance,86,2N9pjdn0Bpl39UzB7WqQHZ,Test Playlist,Quoc-Anh Duong,1214868237,3.85,C#m,2017
7DSAEUvxU8FajXtRloy8M0,Flowers,Miley Cyrus,5YGY8feqx7naU7z4HrwZM6,Endless Summer Vacation,5DvJgsMLbaR1HmAI6VhfcQ,2023-08-18,92,200600,0.706,0.691,0,-4.775,1,0.0633,0.0584,6.99e-05,0.0232,0.632,118.048,pop,86,2N9pjdn0Bpl39UzB7WqQHZ,Test Playlist,Quoc-Anh Duong,1214868237,3.34,C,2023
1c8gk2PeTE04A1pIDH9YMk,Rolling in the Deep,Adele,4dpARuHxo51G3z768sgnrY,21,0Lg1uZvI312TPqxNWShFXL,2011-01-24,80,228093,0.73,0.769,8,-5.114,1,0.0298,0.138,0.0,0.0473,0.507,104.948,british soul | pop | pop soul | uk pop,85,2N9pjdn0Bpl39UzB7WqQHZ,Test Playlist,Quoc-Anh Duong,1214868237,3.8,G#,2011
1H5tvpoApNDxvxDexoaAUo,Who Let The Dogs Out,Baha Men,67FFKYikvTlvsPNk4NPOYJ,Who Let The Dogs Out,44UH34qoCNNfEqo0VnOkGd,2000,67,198400,0.869,0.887,0,-4.505,1,0.0993,0.0605,0.0,0.148,0.784,129.221,bahamian pop,50,2N9pjdn0Bpl39UzB7WqQHZ,Test Playlist,Quoc-Anh Duong,1214868237,3.31,C,2000
4w1lzcaoZ1IC2K5TwjalRP,A Thousand Miles,Vanessa Carlton,5ILrArfIV0tMURcHJN8Q07,Be Not Nobody,5e7T2qUigzt0oIr50KsOld,2002-04-30,79,237493,0.56,0.825,11,-3.862,1,0.0379,0.323,0.0,0.161,0.268,94.931,lilith | neo mellow | piano rock | pop rock | post-teen pop,64,2N9pjdn0Bpl39UzB7WqQHZ,Test Playlist,Quoc-Anh Duong,1214868237,3.96,B,2002
1fu5IQSRgPxJL2OTP7FVLW,I See Fire,Ed Sheeran,6eUKZXaKkcviH0Ku9w2n3V,The Hobbit: The Desolation of Smaug (Original Motion Picture Soundtrack),6KX0qrnnPlmBrI2BEXJV9Q,2013-12-10,72,300746,0.633,0.0519,10,-21.107,0,0.0365,0.562,0.0,0.097,0.204,76.034,pop | singer-songwriter pop | uk pop,87,2N9pjdn0Bpl39UzB7WqQHZ,Test Playlist,Quoc-Anh Duong,1214868237,5.01,A#m,2013
5ghIJDpPoe3CfHMGu71E6T,Smells Like Teen Spirit,Nirvana,6olE6TJLqED3rqDCT0FyPh,Nevermind (Remastered),2guirTSEqLizK7j9i1MTTZ,1991-09-26,80,301920,0.502,0.912,1,-4.556,1,0.0564,2.55e-05,0.000173,0.106,0.72,116.761,grunge | permanent wave | rock,82,2N9pjdn0Bpl39UzB7WqQHZ,Test Playlist,Quoc-Anh Duong,1214868237,5.03,C#,1991
40riOy7x9W7GXjyGp4pjAv,Hotel California - 2013 Remaster,Eagles,0ECwFtbIWEVNwjlrfc6xoL,Hotel California (2013 Remaster),2widuo17g5CEC66IbzveRu,1976-12-08,84,391376,0.579,0.508,2,-9.484,1,0.027,0.00574,0.000494,0.0575,0.609,147.125,album rock | classic rock | heartland rock | mellow gold | rock | soft rock | yacht rock,75,2N9pjdn0Bpl39UzB7WqQHZ,Test Playlist,Quoc-Anh Duong,1214868237,6.52,D,1976
7795WJLVKJoAyVoOtCWqXN,I'm Not The Only One,Sam Smith,2wY79sveU1sp5g7SokKOiI,In The Lonely Hour,08jWgM4vSkTose4blKBWov,2014-05-26,85,239316,0.677,0.485,5,-5.795,1,0.0361,0.529,2.04e-05,0.0766,0.493,82.001,pop | uk pop,83,2N9pjdn0Bpl39UzB7WqQHZ,Test Playlist,Quoc-Anh Duong,1214868237,3.99,F,2014
1BxfuPKGuaTgP7aM0Bbdwr,Cruel Summer,Taylor Swift,06HL4z0CvFAxyc27GXpf02,Lover,1NAmidJlEaVgA3MpcPFYGq,2019-08-23,97,178426,0.552,0.702,9,-5.707,1,0.157,0.117,2.06e-05,0.105,0.564,169.994,pop,100,2N9pjdn0Bpl39UzB7WqQHZ,Test Playlist,Quoc-Anh Duong,1214868237,2.97,A,2019
3yfqSUWxFvZELEM4PmlwIR,The Real Slim Shady,Eminem,7dGJo4pcD2V6oG8kP0tJRR,The Marshall Mathers LP,6t7956yu5zYf5A829XRiHC,2000-05-23,87,284200,0.949,0.661,5,-4.244,0,0.0572,0.0302,0.0,0.0454,0.76,104.504,detroit hip hop | hip hop | rap,90,2N9pjdn0Bpl39UzB7WqQHZ,Test Playlist,Quoc-Anh Duong,1214868237,4.74,Fm,2000
1zB4vmk8tFRmM9UULNzbLB,Thunder,Imagine Dragons,53XhwfbYqKCa1cC15pYq2q,Evolve,33pt9HBdGlAbRGBHQgsZsU,2017-06-23,87,187146,0.605,0.822,0,-4.833,1,0.0438,0.00671,0.134,0.147,0.288,167.997,modern rock | pop | rock,88,2N9pjdn0Bpl39UzB7WqQHZ,Test Playlist,Quoc-Anh Duong,1214868237,3.12,C,2017
2tJulUYLDKOg9XrtVkMgcJ,Grenade,Bruno Mars,0du5cEVh5yTK9QJze8zA0C,Doo-Wops & Hooligans,1uyf3l2d4XYwiEqAb7t7fX,2010-10-05,79,222091,0.704,0.558,2,-7.273,0,0.0542,0.148,0.0,0.107,0.245,110.444,dance pop | pop,89,2N9pjdn0Bpl39UzB7WqQHZ,Test Playlist,Quoc-Anh Duong,1214868237,3.7,Dm,2010
0VgkVdmE4gld66l8iyGjgx,Mask Off,Future,1RyvyyTE3xzB2ZywiAwp0i,FUTURE,17FBoXK1NU2rvJBbzdzw0r,2017-06-30,82,204600,0.833,0.434,2,-8.795,1,0.431,0.0102,0.0219,0.165,0.281,150.062,atl hip hop | hip hop | rap | southern hip hop | trap,94,2N9pjdn0Bpl39UzB7WqQHZ,Test Playlist,Quoc-Anh Duong,1214868237,3.41,D,2017
1zi7xx7UVEFkmKfv06H8x0,One Dance,Drake,3TVXtAsR1Inumwj472S9r4,Views,40GMAhriYJRO1rsY4YdrZb,2016-05-06,90,173986,0.792,0.625,1,-5.609,1,0.0536,0.00776,0.0018,0.329,0.37,103.967,canadian hip hop | canadian pop | hip hop | pop rap | rap,96,2N9pjdn0Bpl39UzB7WqQHZ,Test Playlist,Quoc-Anh Duong,1214868237,2.9,C#,2016
043bfUkTydw0xJ5JjOT91w,Don't You Worry Child,Swedish House Mafia,1h6Cn3P4NGzXbaXidqURXs,Until Now,4ljisoNarj0BpQSMIEv88L,2012-01-01,63,403493,0.632,0.88,2,-4.051,1,0.0463,0.0144,0.0021,0.118,0.338,129.007,edm | pop dance | progressive electro house,75,2N9pjdn0Bpl39UzB7WqQHZ,Test Playlist,Quoc-Anh Duong,1214868237,6.72,D,2012
7FXj7Qg3YorUxdrzvrcY25,Fly Me To The Moon - 2008 Remastered,Frank Sinatra,1Mxqyy3pSjf8kZZL4QVxS0,Nothing But The Best (2008 Remastered),3i67sGIVw8EBlgfSRv3Lj2,2008-05-13,66,147520,0.591,0.298,4,-12.269,0,0.06,0.549,2.22e-06,0.0797,0.372,119.954,adult standards | easy listening | lounge,77,2N9pjdn0Bpl39UzB7WqQHZ,Test Playlist,Quoc-Anh Duong,1214868237,2.46,Em,2008
561jH07mF1jHuk7KlaeF0s,Mockingbird,Eminem,7dGJo4pcD2V6oG8kP0tJRR,Encore (Deluxe Version),1kTlYbs28MXw7hwO0NLYif,2004-11-12,88,250760,0.637,0.678,0,-3.798,1,0.266,0.209,0.0,0.156,0.254,84.039,detroit hip hop | hip hop | rap,90,2N9pjdn0Bpl39UzB7WqQHZ,Test Playlist,Quoc-Anh Duong,1214868237,4.18,C,2004
3RiPr603aXAoi4GHyXx0uy,Hymn for the Weekend,Coldplay,4gzpq5DPGxSnKTe4SA8HAU,A Head Full of Dreams,3cfAM8b8KqJRoIzt3zLKqw,2015-12-04,83,258266,0.491,0.693,0,-6.487,0,0.0377,0.211,6.92e-06,0.325,0.412,90.027,permanent wave | pop,88,2N9pjdn0Bpl39UzB7WqQHZ,Test Playlist,Quoc-Anh Duong,1214868237,4.3,Cm,2015
7BqHUALzNBTanL6OvsqmC1,Happier,Marshmello,64KEffDW9EtZ1y2vBYgq8T,Happier,2u4Yp2ADTKYPwFSBFL4ffa,2018-08-17,85,214289,0.687,0.792,5,-2.749,1,0.0452,0.191,0.0,0.167,0.671,100.011,brostep | edm | pop | progressive electro house,84,2N9pjdn0Bpl39UzB7WqQHZ,Test Playlist,Quoc-Anh Duong,1214868237,3.57,F,2018
3hS5RCp5EE1wUiiE7f8dM1,Go the Distance,Michael Bolton,6YHEMoNPbcheiWS2haGzkn,All That Matters,7IkFQ66wAlgoNTAKUyRXcw,1997-11-04,57,280640,0.363,0.435,2,-8.141,1,0.0307,0.399,0.0,0.219,0.148,125.892,soft rock,64,2N9pjdn0Bpl39UzB7WqQHZ,Test Playlist,Quoc-Anh Duong,1214868237,4.68,D,1997
4Sfa7hdVkqlM8UW5LsSY3F,Take a Walk,Passion Pit,7gjAu1qr5C2grXeQFFOGeh,Gossamer,14JU5SskmcyckE5I8PY6lv,2012-07-23,67,264493,0.566,0.755,11,-5.526,1,0.0368,0.0338,0.0,0.315,0.445,101.006,indie rock | indietronica | modern rock | neo-synthpop | shimmer pop,57,2N9pjdn0Bpl39UzB7WqQHZ,Test Playlist,Quoc-Anh Duong,1214868237,4.41,B,2012
58ge6dfP91o9oXMzq3XkIS,505,Arctic Monkeys,7Ln80lUS6He07XvHI8qqHH,Favourite Worst Nightmare (Standard Version),6rsQnwaoJHxXJRCDBPkBRw,2007-04-24,81,253586,0.52,0.852,0,-5.866,1,0.0543,0.00237,5.79e-05,0.0733,0.234,140.267,garage rock | modern rock | permanent wave | rock | sheffield indie,86,2N9pjdn0Bpl39UzB7WqQHZ,Test Playlist,Quoc-Anh Duong,1214868237,4.23,C,2007
4ut5G4rgB1ClpMTMfjoIuy,High On Life (feat. Bonn),Martin Garrix,60d24wfXkVzDSfLS6hyCjZ,High On Life (feat. Bonn),1GUfof1gHsqYjoHFym3aim,2018-07-29,70,230761,0.414,0.486,6,-6.431,0,0.0311,0.0129,0.0,0.111,0.368,128.038,dutch edm | edm | pop | pop dance | progressive house,76,2N9pjdn0Bpl39UzB7WqQHZ,Test Playlist,Quoc-Anh Duong,1214868237,3.85,F#m,2018
4jDmJ51x1o9NZB5Nxxc7gY,Careless Whisper,George Michael,19ra5tSw0tWufvUp8GotLo,Ladies And Gentlemen... The Best Of George Michael,3coLNlyStg9h7f8CZ103Rl,1998-11-09,83,300106,0.574,0.628,2,-8.815,0,0.036,0.13,0.0,0.271,0.803,153.119,new wave pop,73,2N9pjdn0Bpl39UzB7WqQHZ,Test Playlist,Quoc-Anh Duong,1214868237,5.0,Dm,1998
6VRhkROS2SZHGlp0pxndbJ,Bangarang (feat. Sirah),Skrillex,5he5w2lnU9x7JFhnwcekXX,Bangarang EP,5XJ2NeBxZP3HFM8VoBQEUe,2011-12-27,71,215253,0.716,0.972,7,-2.302,1,0.196,0.0145,3.22e-05,0.317,0.576,110.026,brostep | complextro | edm | electro | pop dance,76,2N9pjdn0Bpl39UzB7WqQHZ,Test Playlist,Quoc-Anh Duong,1214868237,3.59,G,2011
2BC8rOrlfw6dkZpbDtkoiO,Miracle,Above & Beyond,10gzBoINW3cLJfZUka8Zoe,Acoustic,2w9QEpndpkUoQ2dglFHmY3,2014-01-28,36,293833,0.513,0.386,7,-11.086,1,0.0297,0.638,4.25e-06,0.177,0.388,138.004,edm | progressive house | progressive trance | trance | uplifting trance,62,2N9pjdn0Bpl39UzB7WqQHZ,Test Playlist,Quoc-Anh Duong,1214868237,4.9,G,2014
086myS9r57YsLbJpU0TgK9,Why'd You Only Call Me When You're High?,Arctic Monkeys,7Ln80lUS6He07XvHI8qqHH,AM,78bpIziExqiI9qztvNFlQu,2013-09-09,88,161123,0.691,0.631,2,-6.478,1,0.0368,0.0483,1.13e-05,0.104,0.8,92.004,garage rock | modern rock | permanent wave | rock | sheffield indie,86,2N9pjdn0Bpl39UzB7WqQHZ,Test Playlist,Quoc-Anh Duong,1214868237,2.69,D,2013
3ZffCQKLFLUvYM59XKLbVm,Wake Me up When September Ends,Green Day,7oPftvlwr6VrsViSDV7fJY,American Idiot,5dN7F9DV0Qg1XRdIgW8rke,2004-09-21,78,285653,0.546,0.814,7,-5.146,1,0.0314,0.023,0.0,0.0972,0.146,104.98,modern rock | permanent wave | punk | rock,80,2N9pjdn0Bpl39UzB7WqQHZ,Test Playlist,Quoc-Anh Duong,1214868237,4.76,G,2004
5UaEBgRvUPFf5CEDhaTdp7,Mama Look at Me Now,Galantis,4sTQVOfp9vEMCemLw50sbu,Satisfied (feat. MAX) / Mama Look at Me Now,7sYMi1QPQnCL99k1VCaWTZ,2018-07-13,43,178131,0.59,0.678,10,-5.48,1,0.0384,0.0259,2.2e-05,0.0707,0.4,126.061,dance pop | edm | pop | pop dance,72,2N9pjdn0Bpl39UzB7WqQHZ,Test Playlist,Quoc-Anh Duong,1214868237,2.97,A#,2018
5VwSwu1zeiMGAjwe9nUmzZ,Million Years Ago,Adele,4dpARuHxo51G3z768sgnrY,25,0K4pIOOsfJ9lK8OjrZfXzd,2016-06-24,0,227066,0.721,0.273,1,-7.617,0,0.028,0.733,0.0,0.108,0.181,105.846,british soul | pop | pop soul | uk pop,85,2N9pjdn0Bpl39UzB7WqQHZ,Test Playlist,Quoc-Anh Duong,1214868237,3.78,C#m,2016
3LKDKU5ItvVwLINMQx0TDn,Tuesday Maybe (ABGT300JD),Way Out West,3HghjRl8Mo6OJWG0WElY2z,Journey To ABGT300,1xzFKPiAkIaEUP9UshYdyz,2018-09-23,5,390243,0.742,0.699,0,-9.68,1,0.0544,0.000388,0.877,0.112,0.489,123.014,classic progressive house | nu skool breaks | progressive house,35,2N9pjdn0Bpl39UzB7WqQHZ,Test Playlist,Quoc-Anh Duong,1214868237,6.5,C,2018
4Dvkj6JhhA12EX05fT7y2e,As It Was,Harry Styles,6KImCVD70vtIoJWnq6nGn3,Harry's House,5r36AJ6VOJtp00oxSkBZ5h,2022-05-20,92,167303,0.52,0.731,6,-5.338,0,0.0557,0.342,0.00101,0.311,0.662,173.93,pop,85,2N9pjdn0Bpl39UzB7WqQHZ,Test Playlist,Quoc-Anh Duong,1214868237,2.79,F#m,2022
09mEdoA6zrmBPgTEN5qXmN,Call Out My Name,The Weeknd,1Xyo4u8uXC1ZmMpatF05PJ,"My Dear Melancholy,",4qZBW3f2Q8y0k1A84d4iAO,2018-03-30,86,228373,0.461,0.593,1,-4.954,1,0.0356,0.17,0.0,0.307,0.175,134.17,canadian contemporary r&b | canadian pop | pop,95,2N9pjdn0Bpl39UzB7WqQHZ,Test Playlist,Quoc-Anh Duong,1214868237,3.81,C#,2018
37FXw5QGFN7uwwsLy8uAc0,We Don't Talk Anymore (feat. Selena Gomez),Charlie Puth,6VuMaDnrHyPL1p4EHjYLi7,Nine Track Mind,3kndSWeE2IYOrZEToZrHEV,2016-01-29,69,217706,0.728,0.563,1,-8.053,0,0.134,0.621,0.0,0.179,0.352,100.017,pop | viral pop,80,2N9pjdn0Bpl39UzB7WqQHZ,Test Playlist,Quoc-Anh Duong,1214868237,3.63,C#m,2016
3fDgxdcf0jeJgGiZJGUmyK,Ya Kidding,FISHER,1VJ0briNOlXRtJUAzoUJdt,Ya Kidding,3asXE8koS98nGPVDSPKe5e,2017-06-30,4,238080,0.813,0.983,1,-5.515,1,0.153,0.00177,0.546,0.502,0.77,125.007,australian house | house,75,2N9pjdn0Bpl39UzB7WqQHZ,Test Playlist,Quoc-Anh Duong,1214868237,3.97,C#,2017
18AXbzPzBS8Y3AkgSxzJPb,In The Air Tonight - 2015 Remastered,Phil Collins,4lxfqrEsLX6N1N4OCSkILp,Face Value (Deluxe Editon),1cM3r0WQZWNkCpEbmFjLln,1981-01-01,78,336453,0.446,0.239,0,-13.945,1,0.0316,0.551,4.1e-06,0.0697,0.298,189.507,rock drums | soft rock,76,2N9pjdn0Bpl39UzB7WqQHZ,Test Playlist,Quoc-Anh Duong,1214868237,5.61,C,1981
5PZ1AVGVhiTjj2S70D0GSM,Aguella,Sllash & Doppe,1mPUNeOkJql5onhKwqiLMj,Aguella,2v9FKexoPUoZY5w6VWkDhn,2018-12-14,42,210967,0.724,0.983,6,-4.857,0,0.0384,0.00167,0.876,0.309,0.357,124.025,deep tech house | funky tech house | tech house,43,2N9pjdn0Bpl39UzB7WqQHZ,Test Playlist,Quoc-Anh Duong,1214868237,3.52,F#m,2018
21jGcNKet2qwijlDFuPiPb,Circles,Post Malone,246dkjvS1zLTtiykXe5h60,Hollywood's Bleeding,4g1ZRSobMefqF6nelkgibi,2019-09-06,87,215280,0.695,0.762,0,-3.497,1,0.0395,0.192,0.00244,0.0863,0.553,120.042,dfw rap | melodic rap | pop | rap,88,2N9pjdn0Bpl39UzB7WqQHZ,Test Playlist,Quoc-Anh Duong,1214868237,3.59,C,2019
7Lf7oSEVdzZqTA0kEDSlS5,Cry Me a River,Justin Timberlake,31TPClRtHm23RisEBtV3X7,Justified,6QPkyl04rXwTGlGlcYaRoW,2002-11-04,77,288333,0.624,0.654,8,-6.582,0,0.183,0.577,0.0,0.104,0.564,73.898,dance pop | pop,83,2N9pjdn0Bpl39UzB7WqQHZ,Test Playlist,Quoc-Anh Duong,1214868237,4.81,G#m,2002
3B54sVLJ402zGa6Xm4YGNe,Unforgettable,French Montana,6vXTefBL93Dj5IqAWq6OTv,Jungle Rules,4c2p3TdN7NcQfCXyueCNnC,2017-07-14,88,233901,0.726,0.769,6,-5.043,1,0.123,0.0293,0.0101,0.104,0.733,97.985,hip hop | pop rap | rap | southern hip hop | trap,75,2N9pjdn0Bpl39UzB7WqQHZ,Test Playlist,Quoc-Anh Duong,1214868237,3.9,F#,2017
40y34WOWB1Sasi2dGEjSJN,Youth Of The Nation - 2021 Remaster,P.O.D.,6KO6G41BBLTDNYOLefWTMU,Satellite (Expanded Edition; 2021 Remaster),7fZcJiON0dNa4iE2miGmhw,2021-09-03,37,259196,0.564,0.898,8,-5.487,1,0.0724,0.00308,0.0134,0.382,0.405,97.971,alternative metal | funk metal | nu metal | rap metal | rap rock,62,2N9pjdn0Bpl39UzB7WqQHZ,Test Playlist,Quoc-Anh Duong,1214868237,4.32,G#,2021
6JH9yWhgbm0y9iAJhCslNc,Handlebars,Flobots,0rHiOzaAbw3cCp8D7yjyig,Fight With Tools,0Q7dUE51rPBQwszngVlqPG,2008-01-01,61,206813,0.704,0.571,5,-7.136,1,0.0969,0.0222,0.0,0.101,0.524,141.888,conscious hip hop | nerdcore,46,2N9pjdn0Bpl39UzB7WqQHZ,Test Playlist,Quoc-Anh Duong,1214868237,3.45,F,2008
7J1uxwnxfQLu4APicE5Rnj,Billie Jean,Michael Jackson,3fMbdgg4jU18AjLCKBhRSm,Thriller,2ANVost0y2y52ema1E9xAZ,1982-11-30,83,294226,0.932,0.457,11,-9.62,0,0.0541,0.0173,0.0436,0.0414,0.884,117.002,r&b | soul,83,2N9pjdn0Bpl39UzB7WqQHZ,Test Playlist,Quoc-Anh Duong,1214868237,4.9,Bm,1982
2Fxmhks0bxGSBdJ92vM42m,bad guy,Billie Eilish,6qqNVTkY8uBg9cP3Jd7DAH,"WHEN WE ALL FALL ASLEEP, WHERE DO WE GO?",0S0KGZnfBGSIssfF54WSJh,2019-03-29,83,194087,0.701,0.425,7,-10.965,1,0.375,0.328,0.13,0.1,0.562,135.128,art pop | pop,89,2N9pjdn0Bpl39UzB7WqQHZ,Test Playlist,Quoc-Anh Duong,1214868237,3.23,G,2019
3Pzh926pXggbMe2ZpXyMV7,Ain't No Rest for the Wicked,Cage The Elephant,26T3LtbuGT1Fu9m0eRq5X3,Cage The Elephant (Expanded Edition),7H814Cg8HV0qpoMheYbhNn,2009-03-24,79,175493,0.636,0.849,0,-7.075,1,0.106,0.0438,0.0,0.372,0.917,156.036,modern alternative rock | modern rock | pov: indie | punk blues | rock,75,2N9pjdn0Bpl39UzB7WqQHZ,Test Playlist,Quoc-Anh Duong,1214868237,2.92,C,2009
2GcypFJcULDmhmbqFdm9qi,do me right,brb.,2XBiI8PjCnjJ3XKWtiKcvc,relationshit,2VeUxfOnzVKks0UEX681m2,2020-03-13,61,178560,0.804,0.595,11,-8.65,0,0.0401,0.422,0.000118,0.0808,0.781,125.08,bedroom r&b | singaporean pop,58,2N9pjdn0Bpl39UzB7WqQHZ,Test Playlist,Quoc-Anh Duong,1214868237,2.98,Bm,2020
2SpEHTbUuebeLkgs9QB7Ue,Jolene,Dolly Parton,32vWCbZh0xZ4o9gkz4PsEU,Jolene,5DyOxuvdSmTSNAmkfcsBsj,1974-02-04,75,161533,0.674,0.537,1,-10.971,0,0.0363,0.566,0.0,0.131,0.809,110.578,classic country pop | country | country dawn,75,2N9pjdn0Bpl39UzB7WqQHZ,Test Playlist,Quoc-Anh Duong,1214868237,2.69,C#m,1974
0SiywuOBRcynK0uKGWdCnn,Bad Romance,Lady Gaga,1HY2Jd0NmPuamShAr6KMms,The Fame Monster (Deluxe Edition),6rePArBMb5nLWEaY9aQqL4,2009-11-05,84,294573,0.696,0.921,0,-3.755,1,0.0363,0.00314,5.24e-05,0.0842,0.714,119.001,art pop | dance pop | pop,85,2N9pjdn0Bpl39UzB7WqQHZ,Test Playlist,Quoc-Anh Duong,1214868237,4.91,C,2009
2VxeLyX666F8uXCJ0dZF8B,Shallow,Lady Gaga,1HY2Jd0NmPuamShAr6KMms,A Star Is Born Soundtrack,4sLtOBOzn4s3GDUv3c5oJD,2018-10-05,85,215733,0.572,0.385,7,-6.362,1,0.0308,0.371,0.0,0.231,0.323,95.799,art pop | dance pop | pop,85,2N9pjdn0Bpl39UzB7WqQHZ,Test Playlist,Quoc-Anh Duong,1214868237,3.6,G,2018
6ECp64rv50XVz93WvxXMGF,This Love,Maroon 5,04gDigrS5kc9YWfZHwBETP,Songs About Jane: 10th Anniversary Edition,5zClcGCSWj926AMjvBNSLc,2002,85,206200,0.712,0.862,5,-4.612,0,0.0378,0.0525,0.0,0.093,0.809,95.051,pop,85,2N9pjdn0Bpl39UzB7WqQHZ,Test Playlist,Quoc-Anh Duong,1214868237,3.44,Fm,2002
2DlHlPMa4M17kufBvI2lEN,Chop Suey!,System Of A Down,5eAWCfyUhZtHHtBdNk56l1,Toxicity,6jWde94ln40epKIQCd8XUh,2001-09-04,86,210240,0.417,0.934,7,-3.908,0,0.119,0.000278,0.0015,0.132,0.287,127.066,alternative metal | nu metal | rap metal | rock,80,2N9pjdn0Bpl39UzB7WqQHZ,Test Playlist,Quoc-Anh Duong,1214868237,3.5,Gm,2001
4JiEyzf0Md7KEFFGWDDdCr,Knockin' On Heaven's Door,Guns N' Roses,3qm84nBOXUEQ2vnTfUTTFC,Use Your Illusion II,00eiw4KOJZ7eC3NBEpmH4C,1991-09-18,80,336000,0.496,0.739,6,-7.193,1,0.0415,0.0211,0.00444,0.106,0.378,132.41,glam metal | hard rock | rock,79,2N9pjdn0Bpl39UzB7WqQHZ,Test Playlist,Quoc-Anh Duong,1214868237,5.6,F#,1991
3U4isOIWM3VvDubwSI3y7a,All of Me,John Legend,5y2Xq6xcjJb2jVM54GHK3t,Love In The Future (Expanded Edition),4OTAx9un4e6NfoHuVRiOrC,2013-08-30,87,269560,0.422,0.264,8,-7.064,1,0.0322,0.922,0.0,0.132,0.331,119.93,neo soul | pop | pop soul | urban contemporary,76,2N9pjdn0Bpl39UzB7WqQHZ,Test Playlist,Quoc-Anh Duong,1214868237,4.49,G#,2013
53QF56cjZA9RTuuMZDrSA6,I Won't Give Up,Jason Mraz,4phGZZrJZRo4ElhRtViYdl,Love Is a Four Letter Word (Deluxe Edition),64SChsjQBiEe3aVTFYnW1b,2012-04-13,70,240165,0.483,0.303,4,-10.058,1,0.0429,0.694,0.0,0.115,0.139,133.406,acoustic pop | dance pop | neo mellow | pop,72,2N9pjdn0Bpl39UzB7WqQHZ,Test Playlist,Quoc-Anh Duong,1214868237,4.0,E,2012
3VpxEo6vMpi4rQ6t2WVVkK,Escape (feat. Hayla),Kx5,2avRYQUWQpIkzJOEkf0MdY,Kx5,7krgzxFJr9YxsmyWlO5Ubg,2023-03-17,69,240445,0.659,0.798,9,-6.933,0,0.0749,0.175,0.000379,0.708,0.15,126.064,melodic house,58,2N9pjdn0Bpl39UzB7WqQHZ,Test Playlist,Quoc-Anh Duong,1214868237,4.01,Am,2023
6epn3r7S14KUqlReYr77hA,Baby,Justin Bieber,1uNFoZAHBGtllmzznpCI3s,My World 2.0,3BmcYMh0KYsimWL6p2gPa9,2010-01-01,83,214240,0.728,0.859,5,-5.237,0,0.137,0.0401,0.0,0.111,0.535,65.043,canadian pop | pop,89,2N9pjdn0Bpl39UzB7WqQHZ,Test Playlist,Quoc-Anh Duong,1214868237,3.57,Fm,2010
503OTo2dSqe7qk76rgsbep,Still D.R.E.,Dr. Dre,6DPYiyq5kWVQS4RGwxzPC7,2001,7q2B4M5EiBkqrlsNW8lB7N,1999-11-16,83,270586,0.816,0.775,11,-3.323,1,0.234,0.16,0.00031,0.0543,0.527,93.431,g funk | gangster rap | hip hop | rap | west coast rap,80,2N9pjdn0Bpl39UzB7WqQHZ,Test Playlist,Quoc-Anh Duong,1214868237,4.51,B,1999
2xLMifQCjDGFmkHkpNLD9h,SICKO MODE,Travis Scott,0Y5tJX1MQlPlqiwlOH1tJY,ASTROWORLD,41GuZcammIkupMPKH2OJ6I,2018-08-03,85,312820,0.834,0.73,8,-3.714,1,0.222,0.00513,0.0,0.124,0.446,155.008,hip hop | rap | slap house,94,2N9pjdn0Bpl39UzB7WqQHZ,Test Playlist,Quoc-Anh Duong,1214868237,5.21,G#,2018
2j69vIlXEtvvAZgMiuvRVL,Avocado,Spanish Classic Guitar,1d4Jb3BclyNy4VR8q2aKqV,Guitar: Spanish Passion,3QiJbdDUMOZUoAZGeowJiH,2017-04-17,16,213838,0.824,0.404,9,-10.793,0,0.042,0.716,0.862,0.114,0.77,110.109,,26,2N9pjdn0Bpl39UzB7WqQHZ,Test Playlist,Quoc-Anh Duong,1214868237,3.56,Am,2017
0q6LuUqGLUiCPP1cbdwFs3,On Melancholy Hill,Gorillaz,3AA28KZvwAUcZuOKwyblJQ,Plastic Beach,2dIGnmEIy1WZIcZCFSj6i8,2010-03-03,79,233866,0.689,0.739,2,-5.81,1,0.026,1.51e-05,0.509,0.064,0.578,120.423,alternative hip hop | modern rock | rock,79,2N9pjdn0Bpl39UzB7WqQHZ,Test Playlist,Quoc-Anh Duong,1214868237,3.9,D,2010
17phhZDn6oGtzMe56NuWvj,Lose Control,Teddy Swims,33qOK5uJ8AR2xuQQAhHump,I've Tried Everything But Therapy (Part 1),7nacKlk586eLRBSIsrk9DB,2023-09-15,94,210688,0.561,0.604,9,-4.409,1,0.0337,0.199,1.9e-05,0.104,0.242,159.92,,83,2N9pjdn0Bpl39UzB7WqQHZ,Test Playlist,Quoc-Anh Duong,1214868237,3.51,A,2023
22skzmqfdWrjJylampe0kt,Can't Hold Us (feat. Ray Dalton),Macklemore & Ryan Lewis,5BcAKTbp20cv7tC5VqPFoC,The Heist,5QWHes9ODwn42DHTifGkXd,2012-10-09,85,258431,0.633,0.927,2,-4.468,1,0.0839,0.0267,0.0,0.0986,0.88,146.097,pop rap | seattle hip hop,74,2N9pjdn0Bpl39UzB7WqQHZ,Test Playlist,Quoc-Anh Duong,1214868237,4.31,D,2012
4RCWB3V8V0dignt99LZ8vH,Hey There Delilah,Plain White T's,1g1yxsNVPhMUl9GrMjEb2o,All That We Needed,4vUClKTFaDWnsHE8rK52GY,2005-01-01,80,232533,0.656,0.291,2,-10.572,1,0.0293,0.872,0.0,0.114,0.298,103.971,modern rock | neo mellow | neon pop punk | pop punk | pop rock,64,2N9pjdn0Bpl39UzB7WqQHZ,Test Playlist,Quoc-Anh Duong,1214868237,3.88,D,2005
6Sy9BUbgFse0n0LPA5lwy5,Sandstorm,Darude,0LhHRmSd1EYM5QdNeNnCoQ,"Before the Storm, Special Edition",0Xks5v0dve8Gh2tRHIekjo,2001-01-01,72,225493,0.528,0.965,11,-7.984,0,0.0465,0.141,0.985,0.0797,0.587,136.065,eurodance | finnish edm,59,2N9pjdn0Bpl39UzB7WqQHZ,Test Playlist,Quoc-Anh Duong,1214868237,3.76,Bm,2001
7BY005dacJkbO6EPiOh2wb,House Of The Rising Sun,The Animals,3ICflSq6ZgYAIrm2CTkfVP,The Animals,0Xwkx2TLFwRcoK0OWQ0Msa,1964-01-01,74,271280,0.295,0.584,9,-6.696,0,0.0345,0.000385,0.218,0.0996,0.228,117.2,album rock | british invasion | classic rock | hard rock | protopunk | psychedelic rock | rock,65,2N9pjdn0Bpl39UzB7WqQHZ,Test Playlist,Quoc-Anh Duong,1214868237,4.52,Am,1964
6xM8oBy40nK1rOd8WmoOPx,Last Request,Paolo Nutini,7x5rK9BClDQ8wmCkYAGsQp,These Streets,6L2FiSnFMisCgbhbag4KTl,2007-01-30,69,220413,0.605,0.704,5,-6.564,1,0.0476,0.241,0.0,0.137,0.4,80.925,british soul | neo mellow | scottish singer-songwriter,66,2N9pjdn0Bpl39UzB7WqQHZ,Test Playlist,Quoc-Anh Duong,1214868237,3.67,F,2007
1p80LdxRV74UKvL8gnD7ky,Blank Space,Taylor Swift,06HL4z0CvFAxyc27GXpf02,1989,2QJmrSgbdM35R67eoGQo4j,2014-10-27,74,231826,0.753,0.678,5,-5.421,1,0.0644,0.085,1.64e-06,0.13,0.583,96.006,pop,100,2N9pjdn0Bpl39UzB7WqQHZ,Test Playlist,Quoc-Anh Duong,1214868237,3.86,F,2014
4iz9lGMjU1lXS51oPmUmTe,Homecoming,Kanye West,5K4W6rqBFWDnAN6FQUkS6x,Graduation,4SZko61aMnmgvNhfhgTuD3,2007-09-11,84,203493,0.667,0.747,1,-7.059,1,0.189,0.337,0.0,0.115,0.918,86.917,chicago rap | hip hop | rap,94,2N9pjdn0Bpl39UzB7WqQHZ,Test Playlist,Quoc-Anh Duong,1214868237,3.39,C#,2007
1UWhx0pFZccP4jdCIZsj7U,Arsonist's Lullabye,Hozier,2FXC3k01G6Gw61bmprjgqS,From Eden EP,0FubRTC6GUFPUg4y2Xuxs0,2014-03-09,64,266546,0.463,0.373,6,-10.666,0,0.0362,0.673,0.0745,0.118,0.184,64.831,irish singer-songwriter | modern rock | pov: indie,87,2N9pjdn0Bpl39UzB7WqQHZ,Test Playlist,Quoc-Anh Duong,1214868237,4.44,F#m,2014
5hM5arv9KDbCHS0k9uqwjr,Borderline,Tame Impala,5INjqkS1o8h1imAzPqGZBb,The Slow Rush,31qVWUdRrlb8thMvts0yYL,2020-02-14,83,237800,0.621,0.873,5,-3.067,0,0.0369,0.0406,9.1e-06,0.0824,0.873,97.96,australian psych | modern rock | neo-psychedelic | rock,80,2N9pjdn0Bpl39UzB7WqQHZ,Test Playlist,Quoc-Anh Duong,1214868237,3.96,Fm,2020
1V6gIisPpYqgFeWbMLI0bA,Heart Attack,Demi Lovato,6S2OmqARrzebs0tKUEyXyp,Demi,6Kssm2LosQ0WyLukFZkEG5,2013-01-01,81,210840,0.504,0.785,8,-4.802,1,0.104,0.0738,0.0,0.239,0.502,173.968,pop | post-teen pop,77,2N9pjdn0Bpl39UzB7WqQHZ,Test Playlist,Quoc-Anh Duong,1214868237,3.51,G#,2013
4KFM3A5QF2IMcc6nHsu3Wp,Englishman In New York,Sting,0Ty63ceoRnnJKVEYP0VQpk,...Nothing Like The Sun,3mVCQqgwEvwD7lHy9KHi7R,1987-01-01,74,267266,0.674,0.347,9,-17.707,1,0.0364,0.396,1.05e-05,0.0916,0.647,102.013,permanent wave | soft rock | sophisti-pop,71,2N9pjdn0Bpl39UzB7WqQHZ,Test Playlist,Quoc-Anh Duong,1214868237,4.45,A,1987
3gFQOMoUwlR6aUZj81gCzu,One Summer Day,Joe Hisaishi,7nzSoJISlVJsn7O0yTeMOB,Spirited Away Soundtrack,766a5fKJYFy9ii4Kz2bQy9,2001-07-18,66,189800,0.41,0.196,0,-15.956,1,0.0383,0.953,0.892,0.0974,0.0622,78.823,anime | anime score | japanese classical | japanese soundtrack | orchestral soundtrack,70,2N9pjdn0Bpl39UzB7WqQHZ,Test Playlist,Quoc-Anh Duong,1214868237,3.16,C,2001
3CQAd12NW0vPnyu5breZpM,"Le Festin - From ""Ratatouille""",Camille,0gOsZcHl7H3ewXVIEnWFZX,Disney/Pixar Greatest,4Tf4nzRuf5W3EvHqigxcmv,2009-01-01,34,171800,0.439,0.317,3,-10.371,1,0.0432,0.86,0.0,0.0784,0.285,139.227,nouvelle chanson francaise,54,2N9pjdn0Bpl39UzB7WqQHZ,Test Playlist,Quoc-Anh Duong,1214868237,2.86,D#,2009
3CVPyuuD6HxWXgPbbGqbg6,Are You What You Want to Be?,Foster The People,7gP3bB2nilZXLfPHJhMdvc,Supermodel,22cFcAQkydpTzeSKQZEKv0,2014-03-14,55,270840,0.599,0.816,6,-5.002,0,0.0514,0.00702,2.8e-06,0.508,0.595,126.02,indietronica | modern alternative rock | modern rock | rock,72,2N9pjdn0Bpl39UzB7WqQHZ,Test Playlist,Quoc-Anh Duong,1214868237,4.51,F#m,2014
429EttO8gs0bDo2SQfUNSm,Georgia,Vance Joy,10exVja0key0uqUkk6LJRT,Dream Your Life Away (Special Edition),5S9b8euumqMhQbMk0zzQdH,2014-09-08,68,230506,0.388,0.66,11,-7.372,1,0.0308,0.312,0.000307,0.0943,0.401,143.554,folk-pop | modern rock,76,2N9pjdn0Bpl39UzB7WqQHZ,Test Playlist,Quoc-Anh Duong,1214868237,3.84,B,2014
5kqIPrATaCc2LqxVWzQGbk,7 Years,Lukas Graham,25u4wHJWxCA9vO0CzxAbK7,Lukas Graham,4rFrdkSWs0dtj0rWPzOk1v,2016-04-01,83,237300,0.765,0.473,10,-5.829,1,0.0514,0.287,0.0,0.391,0.34,119.992,danish pop | scandipop,70,2N9pjdn0Bpl39UzB7WqQHZ,Test Playlist,Quoc-Anh Duong,1214868237,3.96,A#,2016
5VSCgNlSmTV2Yq5lB40Eaw,Love Me Again,John Newman,34v5MVKeQnIo0CWYMbbrPf,Tribute,7ybleSrN0ZT3bci5WZ6puk,2013-01-01,67,239894,0.495,0.894,2,-4.814,0,0.0441,0.00453,0.000596,0.103,0.213,126.03,dance pop,69,2N9pjdn0Bpl39UzB7WqQHZ,Test Playlist,Quoc-Anh Duong,1214868237,4.0,Dm,2013
7rglLriMNBPAyuJOMGwi39,Cold Heart - PNAU Remix,Elton John,3PhoLpVuITZKcymswpck5b,The Lockdown Sessions,7wHczdY0ek3FHnfVhk10om,2021-10-22,71,202735,0.795,0.8,1,-6.32,1,0.0309,0.0354,7.25e-05,0.0915,0.934,116.032,glam rock | mellow gold | piano rock | rock,83,2N9pjdn0Bpl39UzB7WqQHZ,Test Playlist,Quoc-Anh Duong,1214868237,3.38,C#,2021
0DWIaEumpHd41vATkCGUK2,SBCNCSLY,Black Coffee,6wMr4zKPrrR0UVz08WtUWc,SBCNCSLY,1uaZVqFa2S1skSpLNZ0oHp,2020-04-24,5,384555,0.656,0.701,7,-11.083,0,0.0395,0.415,0.131,0.167,0.0758,116.024,south african house | south african pop | south african pop dance,64,2N9pjdn0Bpl39UzB7WqQHZ,Test Playlist,Quoc-Anh Duong,1214868237,6.41,Gm,2020
6XQHlsNu6so4PdglFkJQRJ,"City Of Stars - From ""La La Land"" Soundtrack",Ryan Gosling,6kXm2YCtdUOpRYNKeKhfue,La La Land (Original Motion Picture Soundtrack),3GU8BzFEAdFSRjc8jZkL3S,2016-12-09,68,149706,0.492,0.116,2,-15.15,0,0.0379,0.899,1.93e-06,0.0889,0.434,111.787,hollywood,62,2N9pjdn0Bpl39UzB7WqQHZ,Test Playlist,Quoc-Anh Duong,1214868237,2.5,Dm,2016
2LKOHdMsL0K9KwcPRlJK2v,After Dark,Mr.Kitty,0pWwt5vGNzezEhfAcc420Y,Time,63TYyeXlBYoYKNvE6rT3hI,2014-10-06,80,259146,0.585,0.595,8,-10.444,1,0.0328,0.0696,0.266,0.0837,0.039,140.037,weirdcore,65,2N9pjdn0Bpl39UzB7WqQHZ,Test Playlist,Quoc-Anh Duong,1214868237,4.32,G#,2014
3ZFTkvIE7kyPt6Nu3PEa7V,Hips Don't Lie (feat. Wyclef Jean),Shakira,0EmeFodog0BfCgMzAIvKQp,"Oral Fixation, Vol. 2 (Expanded Edition)",5ppnlEoj4HdRRdRihnY3jU,2005-11-28,87,218093,0.778,0.824,10,-5.892,0,0.0707,0.284,0.0,0.405,0.758,100.024,colombian pop | dance pop | latin pop | pop,87,2N9pjdn0Bpl39UzB7WqQHZ,Test Playlist,Quoc-Anh Duong,1214868237,3.63,A#m,2005
1c3GkbZBnyrQ1cm4TGHFrK,Canon in D,Johann Pachelbel,62TD7509VQIxUe4WpwO0s3,Pachelbel: Canon in D - Bach: Air on a G String - Handel: Largo from 'Xerxes' - Hallelujah Chorus - Clarke: Trumpet Voluntary,69kr5nuqGTy3bBkuRyutw7,2009-01-01,56,376533,0.151,0.125,2,-20.414,1,0.0386,0.808,0.308,0.121,0.29,150.812,baroque | classical | german baroque,58,2N9pjdn0Bpl39UzB7WqQHZ,Test Playlist,Quoc-Anh Duong,1214868237,6.28,D,2009
4cktbXiXOapiLBMprHFErI,Memories,Maroon 5,04gDigrS5kc9YWfZHwBETP,JORDI (Deluxe),1pCA38N6MkLlthXtAOvZTU,2021-06-11,85,189486,0.775,0.327,11,-7.241,1,0.0557,0.841,0.0,0.0821,0.595,91.05,pop,85,2N9pjdn0Bpl39UzB7WqQHZ,Test Playlist,Quoc-Anh Duong,1214868237,3.16,B,2021
2CtemffYhT0DJWcT1XW047,Nothing Else Matters (Remastered),Metallica,2ye2Wgw4gimLv2eAKyk1NB,Metallica (Remastered),55fq75UfkYbGMq4CncCtOH,1991-08-12,71,388733,0.547,0.394,4,-9.793,0,0.0262,0.0522,6.4e-06,0.0795,0.17,142.37,hard rock | metal | old school thrash | rock | thrash metal,82,2N9pjdn0Bpl39UzB7WqQHZ,Test Playlist,Quoc-Anh Duong,1214868237,6.48,Em,1991
2EoOZnxNgtmZaD8uUmz2nD,Black Hole Sun,Soundgarden,5xUf6j4upBrXZPg6AI4MRK,Superunknown (Deluxe Edition),29sTacnS0qA9xri6YS8xLA,1994-03-09,80,318586,0.35,0.828,6,-5.373,1,0.041,0.000217,0.000161,0.0774,0.147,105.435,alternative metal | alternative rock | classic rock | grunge | hard rock | nu metal | rock,68,2N9pjdn0Bpl39UzB7WqQHZ,Test Playlist,Quoc-Anh Duong,1214868237,5.31,F#,1994
6lddQxKQjtwo6xtO4fHNvl,Vivaldi Winter Nº1,EduTry,08yYB9e4yANYoMfLUOZH4I,Classics in a Modern Style,2V7Z1qnJ30T8ISUfF34Yht,2017-10-23,38,238393,0.576,0.945,1,-8.579,1,0.0352,0.000111,0.83,0.106,0.535,139.982,,25,2N9pjdn0Bpl39UzB7WqQHZ,Test Playlist,Quoc-Anh Duong,1214868237,3.97,C#,2017
5jsw9uXEGuKyJzs0boZ1bT,Stitches,Shawn Mendes,7n2wHs1TKAczGzO7Dd2rGr,Handwritten,6sUOosXuYt0oUeczJRbedZ,2015-04-14,77,206880,0.752,0.754,1,-6.684,1,0.0615,0.0151,0.0,0.0486,0.755,149.789,canadian pop | pop | viral pop,82,2N9pjdn0Bpl39UzB7WqQHZ,Test Playlist,Quoc-Anh Duong,1214868237,3.45,C#,2015
4PTG3Z6ehGkBFwjybzWkR8,Never Gonna Give You Up,Rick Astley,0gxyHStUsqpMadRV0Di1Qt,Whenever You Need Somebody,6eUW0wxWtzkFdaEFsTJto6,1987-11-12,80,213573,0.721,0.939,8,-11.823,1,0.0376,0.115,3.79e-05,0.108,0.914,113.309,new romantic | new wave pop | soft rock | sophisti-pop | synthpop,65,2N9pjdn0Bpl39UzB7WqQHZ,Test Playlist,Quoc-Anh Duong,1214868237,3.56,G#,1987
7sLpSWxQazJzDVG6YGzlVs,99 Problems,JAY-Z,3nFkdlSjzX9mRTtwJOzDYB,The Black Album,4FWvo9oS4gRgHtAwDwUjiO,2003-11-14,66,234626,0.494,0.887,6,-4.297,0,0.398,0.00661,0.0,0.103,0.548,89.554,east coast hip hop | gangster rap | hip hop | pop rap | rap,84,2N9pjdn0Bpl39UzB7WqQHZ,Test Playlist,Quoc-Anh Duong,1214868237,3.91,F#m,2003
